variant,SIFT,PolyPhen,EVE,CADD,AlphaMissense,BayesDel
T374I,1.0,1.0,,1.0,1.0,1.0
S347R,1.0,1.0,1.0,1.0,1.0,1.0
I858V,1.0,0.0,,1.0,0.0,0.0
S857N,0.0,1.0,,1.0,0.0,0.0
G847A,1.0,0.0,,1.0,0.0,0.0
L844S,0.0,0.0,,0.0,0.0,1.0
R842H,0.0,0.0,,0.0,0.0,0.0
R842C,1.0,0.0,,1.0,0.0,0.0
V841I,0.0,0.0,,0.0,0.0,0.0
P839L,0.0,1.0,,1.0,0.0,1.0
P839S,0.0,0.0,,1.0,0.0,1.0
S838P,0.0,0.0,,0.0,0.0,0.0
P825S,0.0,0.0,,1.0,0.0,0.0
G824D,0.0,0.0,,0.0,0.0,0.0
K823R,0.0,0.0,,0.0,0.0,0.0
A819V,0.0,0.0,,1.0,0.0,0.0
A819T,0.0,0.0,,0.0,0.0,0.0
I814M,0.0,0.0,,0.0,0.0,0.0
P806L,1.0,0.0,,1.0,0.0,1.0
S792L,0.0,0.0,,1.0,0.0,0.0
T788K,0.0,0.0,,0.0,0.0,0.0
T788M,0.0,0.0,,0.0,0.0,0.0
P784L,1.0,0.0,,1.0,0.0,1.0
T782I,0.0,0.0,,0.0,0.0,0.0
S781N,0.0,0.0,,0.0,0.0,0.0
S777I,1.0,0.0,,1.0,0.0,0.0
K776R,0.0,0.0,,0.0,0.0,0.0
P775L,0.0,0.0,,1.0,0.0,1.0
A758T,0.0,0.0,,0.0,0.0,0.0
A758S,0.0,0.0,,0.0,0.0,0.0
I756T,0.0,0.0,,1.0,0.0,1.0
G751V,1.0,0.0,,0.0,0.0,0.0
A750V,0.0,0.0,,1.0,0.0,1.0
A750T,0.0,0.0,,1.0,0.0,0.0
T742K,0.0,0.0,,0.0,0.0,0.0
R736Q,0.0,0.0,,1.0,0.0,0.0
P734H,1.0,1.0,,1.0,0.0,1.0
P734R,1.0,1.0,,1.0,0.0,1.0
P734L,0.0,0.0,,1.0,0.0,1.0
T727S,0.0,0.0,,1.0,0.0,0.0
V718M,0.0,0.0,,0.0,0.0,0.0
T712M,0.0,0.0,,1.0,0.0,0.0
A706T,0.0,0.0,,0.0,0.0,0.0
A706S,0.0,0.0,,0.0,0.0,0.0
A702E,0.0,0.0,,0.0,0.0,0.0
A702V,0.0,0.0,,1.0,0.0,0.0
S700N,0.0,0.0,,0.0,0.0,0.0
G699E,0.0,0.0,,1.0,0.0,0.0
R698Q,0.0,0.0,,1.0,0.0,0.0
L695I,0.0,0.0,,1.0,0.0,0.0
V687I,0.0,0.0,,0.0,0.0,0.0
L684H,0.0,1.0,,1.0,0.0,0.0
P666L,1.0,1.0,,1.0,0.0,0.0
M661V,0.0,0.0,,0.0,0.0,0.0
K658R,0.0,0.0,,0.0,0.0,0.0
S651G,0.0,0.0,,0.0,0.0,0.0
G631S,0.0,0.0,,0.0,0.0,0.0
G631C,1.0,1.0,,1.0,0.0,0.0
R627Q,0.0,0.0,,0.0,0.0,0.0
R627L,0.0,0.0,,0.0,0.0,0.0
R627W,1.0,1.0,,1.0,0.0,0.0
A621S,0.0,0.0,,0.0,0.0,0.0
G618D,0.0,0.0,,0.0,0.0,0.0
G618V,0.0,0.0,,0.0,0.0,0.0
G617E,0.0,0.0,0.0,0.0,0.0,0.0
T616S,0.0,0.0,0.0,0.0,0.0,0.0
T616I,0.0,0.0,0.0,1.0,0.0,0.0
S614N,0.0,0.0,0.0,0.0,0.0,0.0
P613S,0.0,0.0,0.0,0.0,0.0,0.0
S590N,0.0,0.0,0.0,1.0,1.0,0.0
R583Q,1.0,1.0,0.0,1.0,0.0,0.0
I580V,0.0,0.0,0.0,0.0,0.0,0.0
R575G,0.0,0.0,0.0,1.0,0.0,0.0
V569I,0.0,0.0,0.0,0.0,0.0,0.0
V569L,0.0,0.0,0.0,0.0,0.0,0.0
S554N,0.0,0.0,0.0,0.0,0.0,0.0
A552V,0.0,0.0,0.0,1.0,0.0,0.0
A552T,0.0,0.0,0.0,0.0,0.0,0.0
S541Y,1.0,1.0,0.0,1.0,,0.0
Y533H,1.0,0.0,0.0,1.0,1.0,0.0
V526I,1.0,1.0,0.0,1.0,0.0,0.0
Q522L,1.0,1.0,0.0,1.0,0.0,0.0
A515V,0.0,0.0,0.0,1.0,0.0,0.0
K502N,1.0,1.0,0.0,1.0,,0.0
L483F,1.0,1.0,0.0,1.0,0.0,0.0
H482N,1.0,0.0,0.0,1.0,0.0,0.0
G473D,0.0,0.0,0.0,0.0,0.0,0.0
E470D,0.0,0.0,0.0,0.0,0.0,0.0
K467N,1.0,1.0,0.0,1.0,0.0,0.0
V465I,0.0,0.0,0.0,0.0,0.0,0.0
I463T,1.0,0.0,0.0,1.0,0.0,1.0
I463V,0.0,0.0,0.0,0.0,0.0,0.0
R456Q,1.0,1.0,0.0,1.0,0.0,1.0
M448I,0.0,0.0,0.0,1.0,1.0,1.0
A435P,1.0,1.0,,1.0,1.0,1.0
R432W,1.0,1.0,1.0,1.0,1.0,1.0
I430V,0.0,0.0,0.0,1.0,0.0,0.0
E422A,1.0,1.0,0.0,1.0,1.0,1.0
S417P,1.0,1.0,0.0,1.0,1.0,1.0
F416L,1.0,1.0,1.0,1.0,1.0,1.0
N414D,1.0,1.0,,1.0,1.0,1.0
V413I,1.0,1.0,1.0,1.0,1.0,1.0
I411N,1.0,1.0,1.0,1.0,1.0,1.0
P410L,1.0,1.0,1.0,1.0,1.0,1.0
I409T,1.0,1.0,1.0,1.0,1.0,1.0
P408S,1.0,1.0,1.0,1.0,1.0,1.0
L407P,1.0,1.0,1.0,1.0,1.0,1.0
A406V,1.0,1.0,,1.0,1.0,1.0
G401A,1.0,1.0,1.0,1.0,1.0,1.0
G401R,1.0,1.0,1.0,1.0,1.0,1.0
C397Y,1.0,1.0,1.0,1.0,1.0,1.0
G395E,1.0,1.0,0.0,1.0,1.0,1.0
G394E,1.0,1.0,1.0,1.0,1.0,1.0
G394R,1.0,1.0,1.0,1.0,1.0,1.0
G390E,1.0,1.0,1.0,1.0,1.0,1.0
D382V,1.0,1.0,1.0,1.0,1.0,1.0
D382N,1.0,1.0,1.0,1.0,1.0,1.0
D382H,1.0,1.0,1.0,1.0,1.0,1.0
G379E,1.0,1.0,1.0,1.0,1.0,1.0
G379V,1.0,1.0,1.0,1.0,1.0,1.0
V378A,1.0,1.0,1.0,1.0,1.0,1.0
V378G,1.0,1.0,1.0,1.0,1.0,1.0
V378L,1.0,1.0,1.0,1.0,1.0,1.0
T377N,1.0,1.0,1.0,1.0,1.0,1.0
M375V,1.0,1.0,1.0,1.0,1.0,1.0
T372N,1.0,1.0,0.0,1.0,1.0,1.0
T372I,1.0,1.0,0.0,1.0,1.0,1.0
W370R,1.0,1.0,1.0,1.0,1.0,1.0
W369L,1.0,1.0,1.0,1.0,1.0,1.0
S367F,1.0,1.0,0.0,1.0,1.0,1.0
T359I,1.0,1.0,,1.0,1.0,1.0
E353K,1.0,1.0,1.0,1.0,1.0,1.0
V349F,1.0,1.0,,1.0,1.0,1.0
S347I,1.0,1.0,1.0,1.0,1.0,1.0
L334P,1.0,1.0,1.0,1.0,1.0,1.0
L334F,1.0,1.0,1.0,1.0,1.0,1.0
G332V,1.0,1.0,1.0,1.0,1.0,1.0
E330D,1.0,1.0,1.0,1.0,1.0,1.0
E330K,1.0,1.0,1.0,1.0,1.0,1.0
E330Q,1.0,1.0,,1.0,1.0,1.0
R325Q,1.0,1.0,0.0,1.0,0.0,1.0
T323I,1.0,1.0,1.0,1.0,1.0,1.0
G321S,1.0,1.0,1.0,1.0,1.0,1.0
L320P,1.0,1.0,1.0,1.0,1.0,1.0
S319Y,1.0,1.0,,1.0,1.0,1.0
S319F,1.0,1.0,1.0,1.0,1.0,1.0
S314A,1.0,1.0,1.0,1.0,1.0,1.0
H313R,1.0,1.0,1.0,1.0,1.0,1.0
H313N,1.0,1.0,1.0,1.0,1.0,1.0
R312H,1.0,1.0,1.0,1.0,1.0,1.0
R312P,1.0,1.0,1.0,1.0,1.0,1.0
R312C,1.0,1.0,1.0,1.0,1.0,1.0
I307V,1.0,1.0,0.0,1.0,1.0,1.0
R306C,1.0,1.0,,1.0,1.0,1.0
R303Q,1.0,1.0,1.0,1.0,1.0,1.0
P272S,1.0,1.0,1.0,1.0,1.0,1.0
A264T,1.0,0.0,0.0,1.0,0.0,1.0
T210K,1.0,1.0,1.0,1.0,1.0,1.0
T210R,1.0,1.0,,1.0,1.0,1.0
T210M,1.0,1.0,1.0,1.0,1.0,1.0
T210A,1.0,1.0,,1.0,1.0,1.0
N209K,1.0,1.0,1.0,1.0,1.0,1.0
L208R,1.0,1.0,1.0,1.0,1.0,1.0
S202C,1.0,1.0,1.0,1.0,1.0,1.0
V200I,0.0,0.0,0.0,1.0,0.0,0.0
I199F,1.0,1.0,1.0,1.0,1.0,1.0
I196S,1.0,1.0,,1.0,1.0,1.0
A169T,1.0,0.0,,1.0,0.0,1.0
T154I,1.0,1.0,0.0,1.0,1.0,1.0
E82K,1.0,1.0,1.0,1.0,1.0,1.0
D80G,0.0,0.0,0.0,1.0,0.0,0.0
E43G,1.0,1.0,1.0,1.0,1.0,1.0
R34H,1.0,0.0,0.0,1.0,0.0,0.0
R31P,1.0,1.0,0.0,1.0,1.0,1.0
A28T,0.0,0.0,0.0,1.0,0.0,0.0
P2Q,1.0,1.0,,1.0,0.0,1.0
P2R,1.0,1.0,,1.0,0.0,1.0
P2S,1.0,1.0,,1.0,0.0,1.0
